id,lang
0nqt0LfiOiVMAcoQ,INTRUMENTAL
0RtweAx2UHLd5Bwr,en
0tGyfM8g4zni2Fpw,en
1lp3AkKObSaXUQj2,en
1NqEMzdMVUt7GvP3,en
22rb4j2448ogW4fq,en
2mOa5wioEC7ThJyY,INTRUMENTAL
3EehSZTQqr6fUNWm,en
3FsnGzrD9FvvUsxm,en
6mpDCmzOfVo4Ad1c,en
6mwOzs6NiRLAStB8,en
8VNONiezek4gzvqq,en
aAEYZcocyuXhpQvi,INTRUMENTAL
ahel3LyBN072Xsyg,en
C7JjG3WEiJPd1YMx,en
CNDUwm7I5Yx68nvd,en
d3XJODyFgcy3ZPiY,INTRUMENTAL
dAs88rrxQrn82Hxw,en
DQti7Wb8ru3bErme,en
EipOFmJxrPhfeDdp,en
F5E33YTAlHeJXeMd,en
FcX8oBDKh9IPOkF7,en
fQbm65nkJ2lNTFlI,en
fqvEgwapRUre9ldH,en
gkQkKDiC5ZHGFBt4,en
GLHpznqlcD1XBs9E,en
hdhhDy1P29HzobOe,es
hgz3dkw5j3psgdfJ,en
hGZfcGY9gbCdbIdI,es
IObi4LSXhEJZL8ri,en
IOUaRRjBVS8dwi8s,en
irAWx7njLUWG2eHn,en
j3nlQ8kestuTIl9t,pt
KHgS7Ym5kkc1IIGJ,en
KSxria3rBAQcYBIt,en
LHYagWA6Waove2hS,en
m8TsJOxqVAKuGZvL,INTRUMENTAL
MIVSmMzw5pgZXoSR,en
N35KgpgRd3sYUcXw,en
nmXGlqePXN4JubnX,es
NYZLS92syeBKhrNr,en
p1VP0vVJmgPUIrqH,en
R7q7HEMxDWzyqu5Q,en
rK5ZdC4afvNd7kLz,pt
sBc3WEwdmXfiPiu9,en
Sw0ZQeH0uTPGtsoH,INTRUMENTAL
t5EoCtTxvbxHruxM,en
TrHWNXvlKVbm9jBs,en
TtUhb0mucHEbKZ8f,en
U1nziZv9qUZS3jOZ,de
UCbm14L6ORpEMt7B,en
UJj71KVEwKdqGsYr,es
vB5ycbCh6rhxd0zZ,INTRUMENTAL
Vdkz2WQ7xcqS7l7w,en
vGrIgQA8nbuWlVYs,en
VnPE0O14G2OI5jIH,en
Vvleil2VGhGL4Nke,en
w3Bg3iP0fgb7fvfT,en
w6LyHGLw5zOPUppk,en
WknFGL7B9g7s4ZeF,es
wnnZ5S0ZsAaiAExc,en
wr21nOj1LERwvzk6,en
X4OlWoSBbZA4ro6i,pt
X80tzYn7MVYPX3eM,ko
Xkx0xgFLulIXnmnJ,en
XzCwQF8yeSbmtH4g,en
z3nzbxeFT01WOXf8,en
z6HI4NAVpZggGi1p,en
ZBOUo2hoZEvpshgr,en
zI9DjkxOs5x1EhJQ,en
